{"CSm": 1.0, "ACONTm": 1.0, "ICDHxm": 1.0, "AKGDam": 1.0, "SUCOASm": 1.0, "SUCD1m": 1.0, "FUMm": 1.0, "MDHm": 1.0, "GAPD": 0.0030392568040834523, "PGK": 0.08974483193085092, "TPI": 1.0, "FBA": 1.0, "PYK": 2.7760460682041866e-10, "PGM": 0.07694497527671332, "ENO": 1.0, "HEX1": 0.0002005018933072335, "PGI": 0.020276547153583707, "PFK": 0.01651537438501364, "PYRt2m": 1.0, "PDHm": 1.0, "G6PDH2r": 0.01415986911335107, "PGL": 0.0003348747674768175, "GND": 1.0, "RPE": 1.0, "RPI": 1.0, "TKT2": 1.0, "TALA": 0.95, "FBA3": 0.17482461472379726, "PFK_3": 0.5133420832795051, "TKT1": 0.26193298119908337, "Glutamine-fructose-6-phosphate aminotransferase": 0.95, "Glucosamine-6-phosphate N-acetyltransferase": 1.0, "N-acetylglucosamine-phosphate mutase": 1.0, "UDP N-acetylglucosamine pyrophosphorylase": 1.0, "Hyaluronan Synthase": 1.0, "Phosphoglucomutase": 1.0, "UTP-glucose-1-phosphate uridylyltransferase": 1.0, "1,3-beta-glucan synthase": 1.0, "Citrate-oxaloacetate exchange": 1.0, "CITRATE_LYASE": 1.0, "MDHc": 1.0, "MDH-NADPc": 1.0, "ME1c": 1.0, "ME2c": 1.0, "Pyruvate Carboxylase": 1.0, "Aldose 1-epimerase": 0.12851215656510334, "HEX1a": 1.0, "PGI-1": 0.012140317781059373}