{"CSm": 4.849474294396599, "ACONTm": 0.0, "ICDHxm": -9.992007221626409e-16, "AKGDam": -3.6637359812630166e-15, "SUCOASm": 2.6645352591003757e-15, "SUCD1m": 0.0, "FUMm": -8.881784197001252e-16, "MDHm": 3.552713678800501e-15, "GAPD": 4.849474294396608, "PGK": 4.849474294396602, "TPI": 1.9425392084169015, "FBA": 0.4633765028711947, "PYK": 4.849474294396598, "PGM": 4.849474294396602, "ENO": 4.8494742943966, "HEX1": 5.98692223134492, "PGI": 3.0937345986565217, "PFK": 0.4633765028711941, "PYRt2m": 4.849474294396596, "PDHm": 4.84947429439661, "G6PDH2r": 2.893187632688383, "PGL": 2.8931876326883943, "GND": 2.893187632688407, "RPE": 1.9287917551255944, "RPI": 0.9643958775627973, "TKT2": 0.9643958775627973, "TALA": -0.514766827982909, "FBA3": 1.4791627055457073, "PFK_3": 1.4791627055456993, "TKT1": 0.9643958775627978, "Glutamine-fructose-6-phosphate aminotransferase": 4.849474294396601, "Glucosamine-6-phosphate N-acetyltransferase": 4.84947429439661, "N-acetylglucosamine-phosphate mutase": 4.849474294396604, "UDP N-acetylglucosamine pyrophosphorylase": 4.849474294396589, "Hyaluronan Synthase": 4.849474294396606, "Phosphoglucomutase": 61.60211469538877, "UTP-glucose-1-phosphate uridylyltransferase": 61.602114695388764, "1,3-beta-glucan synthase": 61.602114695388735, "Citrate-oxaloacetate exchange": 4.84947429439661, "CITRATE_LYASE": 4.849474294396634, "MDHc": -0.07897933223095499, "MDH-NADPc": 0.07897933223095843, "ME1c": 0.0789793322307708, "ME2c": -0.07897933223077502, "Pyruvate Carboxylase": 5.662137425588298e-15, "Aldose 1-epimerase": 63.37160184442013, "HEX1a": 63.37160184441998, "PGI-1": 1.7694871490313868}