{"CSm": -4.012986622524784, "ACONTm": -0.0, "ICDHxm": 1.3760210193503046e-15, "AKGDam": 4.678471465791039e-15, "SUCOASm": -3.302450446440728e-15, "SUCD1m": -0.0, "FUMm": 1.1008168154802435e-15, "MDHm": -4.403267261920969e-15, "GAPD": -18.281322999735217, "PGK": -9.890481868509472, "TPI": -2.1340439207847828, "FBA": -0.5692954157917444, "PYK": -58.4597101403254, "PGM": -10.27169757250254, "ENO": -4.012986622524785, "HEX1": -25.54240723693412, "PGI": -12.462789267650573, "PFK": -8.268140943913417, "PYRt2m": -4.012986622524783, "PDHm": -4.01298662252479, "G6PDH2r": -13.186639079821523, "PGL": -22.468295980850822, "GND": -2.887251613723945, "RPE": -2.121800406571026, "RPI": -1.1532278579097557, "TKT2": -1.1532278579097557, "TALA": 0.6311647349949245, "FBA3": -5.327313190524463, "PFK_3": -2.878958434185997, "TKT1": -3.3963361849716884, "Glutamine-fructose-6-phosphate aminotransferase": -4.130956171362412, "Glucosamine-6-phosphate N-acetyltransferase": -4.01298662252479, "N-acetylglucosamine-phosphate mutase": -4.012986622524787, "UDP N-acetylglucosamine pyrophosphorylase": -4.01298662252478, "Hyaluronan Synthase": -4.012986622524788, "Phosphoglucomutase": -10.215113397528192, "UTP-glucose-1-phosphate uridylyltransferase": -10.21511339752819, "1,3-beta-glucan synthase": -10.21511339752819, "Citrate-oxaloacetate exchange": -4.01298662252479, "CITRATE_LYASE": -4.012986622524801, "MDHc": 0.09786231488305742, "MDH-NADPc": -0.09786231488306138, "ME1c": -0.09786231488282911, "ME2c": 0.09786231488283441, "Pyruvate Carboxylase": -7.15530930062157e-15, "Aldose 1-epimerase": -15.370541819146151, "HEX1a": -10.285276723608488, "PGI-1": -12.349377961830044}