{"GLUCOSE_6_PHOSPHATASE": -5.156860947878483, "PGI": 5.156860947878473, "FBP": -5.156860947878481, "FBA": 5.156860947878473, "TPI": 5.156860947878478, "GAPD": 10.31372189575694, "PGK": 10.313721895756949, "PGM": 10.313721895756947, "ENO": 10.31372189575696, "PEP_Carboxykinase": -10.313721895756913, "Malic_Enzyme": -10.31372189575698, "Pyruvate_Carboxylase": -10.313721895756924}