{"GLUCOSE_6_PHOSPHATASE": 4.1544314815176335, "PGI": -4.154431481517629, "FBP": 21.739481461074487, "FBA": -4.154431481517629, "TPI": -4.154431481517631, "GAPD": -5.80724418411681, "PGK": -5.807244184116811, "PGM": -5.807244184116811, "ENO": -5.807244184116814, "PEP_Carboxykinase": 5.807244184116803, "Malic_Enzyme": 5.807244184116819, "Pyruvate_Carboxylase": 5.807244184116806}